country_full,country,ecoSeries,ecoAPI,localAPI,localSeries,localDataset,Title,SubTitle,API_base,API_full,source,source_long,description,units,date,field,multiplier,date_keys,value_keys,filter,orient,use_cache
Great Britain,gbr,debt,https://api.economicsobservatory.com/gbr/debt,https://api.ons.gov.uk/timeseries/HF6X/dataset/PUSF/data,HF6X,PUSF,Debt,"Public sector net debt, % GDP | Source: ONS through ECO API",https://api.ons.gov.uk/timeseries/{SERIES}/dataset/{DATASET}/data,https://api.ons.gov.uk/timeseries/HF6X/dataset/PUSF/data,ONS,UK Office for National Statistics,"PS, Net Debt as a % of GDP, NSA",% of GDP,months.date,months.value,1,,,,,0
Great Britain,gbr,infl,https://api.economicsobservatory.com/gbr/infl,https://api.ons.gov.uk/timeseries/L55O/dataset/MM23/data,L55O,MM23,Inflation,"All items, % | Source: ONS through ECO API",https://api.ons.gov.uk/timeseries/{SERIES}/dataset/{DATASET}/data,https://api.ons.gov.uk/timeseries/L55O/dataset/MM23/data,ONS,UK Office for National Statistics,"CPIH annual rate, All items, 2015=100",%,months.date,months.value,1,,,,,0
Great Britain,gbr,grow,https://api.economicsobservatory.com/gbr/grow,https://api.ons.gov.uk/timeseries/IHYR/dataset/QNA/data,IHYR,QNA,Growth,% | Source: ONS through ECO API,https://api.ons.gov.uk/timeseries/{SERIES}/dataset/{DATASET}/data,https://api.ons.gov.uk/timeseries/IHYR/dataset/QNA/data,ONS,UK Office for National Statistics,"Gross Domestic Product, QoQ4 growth rate, CVM SA",%,quarters.date,quarters.value,1,,,,,0
Great Britain,gbr,unem,https://api.economicsobservatory.com/gbr/unem,https://api.ons.gov.uk/timeseries/MGSX/dataset/LMS/data,MGSX,LMS,Unemployment rate,"Ages 16 and over, % | Source: ONS through ECO API",https://api.ons.gov.uk/timeseries/{SERIES}/dataset/{DATASET}/data,https://api.ons.gov.uk/timeseries/MGSX/dataset/LMS/data,ONS,UK Office for National Statistics,"Unemployment rate, ages 16 and over, seasonally adjusted",%,months.date,months.value,1,,,,,0
Great Britain,gbr,empl,https://api.economicsobservatory.com/gbr/empl,https://api.ons.gov.uk/timeseries/MGSR/dataset/LMS/data,MGSR,LMS,Employment rate,"Ages 16 and over, % | Source: ONS through ECO API",https://api.ons.gov.uk/timeseries/{SERIES}/dataset/{DATASET}/data,https://api.ons.gov.uk/timeseries/MGSR/dataset/LMS/data,ONS,UK Office for National Statistics,,%,months.date,months.value,1,,,,,0
Great Britain,gbr,empd,https://api.economicsobservatory.com/gbr/empd,https://api.ons.gov.uk/timeseries/MGRZ/dataset/LMS/data,MGRZ,LMS,Employed,"Ages 16 and over, thousands | Source: ONS through ECO API",https://api.ons.gov.uk/timeseries/{SERIES}/dataset/{DATASET}/data,https://api.ons.gov.uk/timeseries/MGRZ/dataset/LMS/data,ONS,UK Office for National Statistics,,thousands,months.date,months.value,1,,,,,0
Great Britain,gbr,expo,https://api.economicsobservatory.com/gbr/expo,https://api.ons.gov.uk/timeseries/LQAD/dataset/UKEA/data,LQAD,UKEA,Exports,"Goods, £ million GBP | Source: ONS through ECO API",https://api.ons.gov.uk/timeseries/{SERIES}/dataset/{DATASET}/data,https://api.ons.gov.uk/timeseries/LQAD/dataset/UKEA/data,ONS,UK Office for National Statistics,"Trade in Goods, T, WW, Exports, BOP, CP, NSA",£ million,quarters.date,quarters.value,1,,,,,0
Great Britain,gbr,impo,https://api.economicsobservatory.com/gbr/impo,https://api.ons.gov.uk/timeseries/LQBL/dataset/UKEA/data,LQBL,UKEA,Imports,"Goods, £ million GBP | Source: ONS through ECO API",https://api.ons.gov.uk/timeseries/{SERIES}/dataset/{DATASET}/data,https://api.ons.gov.uk/timeseries/LQBL/dataset/UKEA/data,ONS,UK Office for National Statistics,"Trade in Goods, T, WW, Imports, BOP, CP, NSA",£ million,quarters.date,quarters.value,1,,,,,0
Great Britain,gbr,prod,https://api.economicsobservatory.com/gbr/prod,https://api.ons.gov.uk/timeseries/LZVB/dataset/PRDY/data,LZVB,PRDY,Productivity,"Output per hour, Index, base year = 100 | Source: ONS through ECO API",https://api.ons.gov.uk/timeseries/{SERIES}/dataset/{DATASET}/data,https://api.ons.gov.uk/timeseries/LZVB/dataset/PRDY/data,ONS,UK Office for National Statistics,"Output per hour worked SA, UK Whole Economy, Index 2019 = 100","Index, base year = 100",quarters.date,quarters.value,1,,,,,0
Great Britain,gbr,inac,https://api.economicsobservatory.com/gbr/inac,https://api.ons.gov.uk/timeseries/LF4T/dataset/LMS/data,LF4T,LMS,Inactivity,"Age 16-64, % workforce | Source: ONS through ECO API",https://api.ons.gov.uk/timeseries/{SERIES}/dataset/{DATASET}/data,https://api.ons.gov.uk/timeseries/LF4T/dataset/LMS/data,ONS,UK Office for National Statistics,"LFS, Economic inactivity rate, Aged 16-64, GB, All, SA",%,months.date,months.value,1,,,,,0
Great Britain,gbr,popu,https://api.economicsobservatory.com/gbr/popu,https://api.ons.gov.uk/timeseries/GBPOP/dataset/POP/data,GBPOP,POP,Population,Number of people | Source: ONS through ECO API,https://api.ons.gov.uk/timeseries/{SERIES}/dataset/{DATASET}/data,https://api.ons.gov.uk/timeseries/GBPOP/dataset/POP/data,ONS,UK Office for National Statistics,,people,years.date,years.value,1,,,,,0
Great Britain,gbr,wage,https://api.economicsobservatory.com/gbr/wage,https://api.ons.gov.uk/timeseries/KAb9/dataset/LMS/data,KAb9,LMS,Weekly wage,"Total Weekly Pay, £ | Source: ONS through ECO API",https://api.ons.gov.uk/timeseries/{SERIES}/dataset/{DATASET}/data,https://api.ons.gov.uk/timeseries/KAb9/dataset/LMS/data,ONS,UK Office for National Statistics,,£ / week,months.date,months.value,1,,,,,0
USA,usa,debt,https://api.economicsobservatory.com/usa/debt,https://api.stlouisfed.org/fred/series/observations?api_key=22ee7a76e736e32f54f5df0a7171538d&file_type=json&series_id=GFDEGDQ188S,GFDEGDQ188S,,Debt,"Public Sector Net Debt, % GDP | Source: FRED through ECO API",https://api.stlouisfed.org/fred/series/observations?api_key=22ee7a76e736e32f54f5df0a7171538d&file_type=json&series_id=,https://api.stlouisfed.org/fred/series/observations?api_key=22ee7a76e736e32f54f5df0a7171538d&file_type=json&series_id=GFDEGDQ188S,FRED,US Federal Reserve Economic Data,,"% of GDP, Seasonally Adjusted",observations.date,observations.value,1,,,,,0
USA,usa,infl,https://api.economicsobservatory.com/usa/infl,https://api.stlouisfed.org/fred/series/observations?api_key=22ee7a76e736e32f54f5df0a7171538d&file_type=json&series_id=FPCPITOTLZGUSA,FPCPITOTLZGUSA,,Inflation,% | Source: FRED through ECO API,https://api.stlouisfed.org/fred/series/observations?api_key=22ee7a76e736e32f54f5df0a7171538d&file_type=json&series_id=,https://api.stlouisfed.org/fred/series/observations?api_key=22ee7a76e736e32f54f5df0a7171538d&file_type=json&series_id=FPCPITOTLZGUSA,FRED,US Federal Reserve Economic Data,,%,observations.date,observations.value,1,,,,,0
USA,usa,grow,https://api.economicsobservatory.com/usa/grow,https://api.stlouisfed.org/fred/series/observations?api_key=22ee7a76e736e32f54f5df0a7171538d&file_type=json&series_id=A191RL1Q225SBEA,A191RL1Q225SBEA,,Growth,%| Source: FRED through ECO API,https://api.stlouisfed.org/fred/series/observations?api_key=22ee7a76e736e32f54f5df0a7171538d&file_type=json&series_id=,https://api.stlouisfed.org/fred/series/observations?api_key=22ee7a76e736e32f54f5df0a7171538d&file_type=json&series_id=A191RL1Q225SBEA,FRED,US Federal Reserve Economic Data,,%,observations.date,observations.value,1,,,,,0
USA,usa,unem,https://api.economicsobservatory.com/usa/unem,https://api.stlouisfed.org/fred/series/observations?api_key=22ee7a76e736e32f54f5df0a7171538d&file_type=json&series_id=UNRATE,UNRATE,,Unemployment rate,"Ages 16 and over, % | Source: FRED through ECO API",https://api.stlouisfed.org/fred/series/observations?api_key=22ee7a76e736e32f54f5df0a7171538d&file_type=json&series_id=,https://api.stlouisfed.org/fred/series/observations?api_key=22ee7a76e736e32f54f5df0a7171538d&file_type=json&series_id=UNRATE,FRED,US Federal Reserve Economic Data,,%,observations.date,observations.value,1,,,,,0
USA,usa,expo,https://api.economicsobservatory.com/usa/expo,https://api.stlouisfed.org/fred/series/observations?api_key=22ee7a76e736e32f54f5df0a7171538d&file_type=json&series_id=EXPGS,EXPGS,,Exports,"Goods and Services, $ billion USD | Source: FRED through ECO API",https://api.stlouisfed.org/fred/series/observations?api_key=22ee7a76e736e32f54f5df0a7171538d&file_type=json&series_id=,https://api.stlouisfed.org/fred/series/observations?api_key=22ee7a76e736e32f54f5df0a7171538d&file_type=json&series_id=EXPGS,FRED,US Federal Reserve Economic Data,,"$ billion USD, Seasonally Adjusted Annual Rate",observations.date,observations.value,1,,,,,0
USA,usa,impo,https://api.economicsobservatory.com/usa/impo,https://api.stlouisfed.org/fred/series/observations?api_key=22ee7a76e736e32f54f5df0a7171538d&file_type=json&series_id=IMPGS,IMPGS,,Imports,"Goods and Services, $ billion USD | Source: FRED through ECO API",https://api.stlouisfed.org/fred/series/observations?api_key=22ee7a76e736e32f54f5df0a7171538d&file_type=json&series_id=,https://api.stlouisfed.org/fred/series/observations?api_key=22ee7a76e736e32f54f5df0a7171538d&file_type=json&series_id=IMPGS,FRED,US Federal Reserve Economic Data,,"$ billion USD, Seasonally Adjusted Annual Rate",observations.date,observations.value,1,,,,,0
USA,usa,prod,https://api.economicsobservatory.com/usa/prod,https://api.stlouisfed.org/fred/series/observations?api_key=22ee7a76e736e32f54f5df0a7171538d&file_type=json&series_id=OPHNFB,OPHNFB,,Productivity,"Output per hour, Index 2012 = 100 | Source: FRED through ECO API",https://api.stlouisfed.org/fred/series/observations?api_key=22ee7a76e736e32f54f5df0a7171538d&file_type=json&series_id=,https://api.stlouisfed.org/fred/series/observations?api_key=22ee7a76e736e32f54f5df0a7171538d&file_type=json&series_id=OPHNFB,FRED,US Federal Reserve Economic Data,,"Index 2012 = 100, Seasonally Adjusted",observations.date,observations.value,1,,,,,0
USA,usa,inac,https://api.economicsobservatory.com/usa/inac,https://api.stlouisfed.org/fred/series/observations?api_key=22ee7a76e736e32f54f5df0a7171538d&file_type=json&series_id=LRIN64TTUSQ156S,LRIN64TTUSQ156S,,Inactivity,"Age 15-64, % workforce | Source: FRED through ECO API",https://api.stlouisfed.org/fred/series/observations?api_key=22ee7a76e736e32f54f5df0a7171538d&file_type=json&series_id=,https://api.stlouisfed.org/fred/series/observations?api_key=22ee7a76e736e32f54f5df0a7171538d&file_type=json&series_id=LRIN64TTUSQ156S,FRED,US Federal Reserve Economic Data,,%,observations.date,observations.value,1,,,,,0
USA,usa,ineq,https://api.economicsobservatory.com/usa/ineq,https://api.stlouisfed.org/fred/series/observations?api_key=22ee7a76e736e32f54f5df0a7171538d&file_type=json&series_id=SIPOVGINIUSA,SIPOVGINIUSA,,Inequality,"Gini coefficient, Disposable income | Source: FRED through ECO API",https://api.stlouisfed.org/fred/series/observations?api_key=22ee7a76e736e32f54f5df0a7171538d&file_type=json&series_id=,https://api.stlouisfed.org/fred/series/observations?api_key=22ee7a76e736e32f54f5df0a7171538d&file_type=json&series_id=SIPOVGINIUSA,FRED,US Federal Reserve Economic Data,,Index,observations.date,observations.value,1,,,,,0
USA,usa,wage,https://api.economicsobservatory.com/usa/wage,https://api.stlouisfed.org/fred/series/observations?api_key=22ee7a76e736e32f54f5df0a7171538d&file_type=json&series_id=LES1252881600Q,LES1252881600Q,,Weekly wage,"Weekly real earnings, 1982-84 CPI Adjusted Dollars | Source: FRED through ECO API",https://api.stlouisfed.org/fred/series/observations?api_key=22ee7a76e736e32f54f5df0a7171538d&file_type=json&series_id=,https://api.stlouisfed.org/fred/series/observations?api_key=22ee7a76e736e32f54f5df0a7171538d&file_type=json&series_id=LES1252881600Q,FRED,US Federal Reserve Economic Data,,"1982-84 CPI Adjusted Dollars, Seasonally Adjusted",observations.date,observations.value,1,,,,,0
Canada,can,debt,https://api.economicsobservatory.com/can/debt,https://www150.statcan.gc.ca/t1/wds/rest/getDataFromVectorByReferencePeriodRange?startRefPeriod=1900-01-01&endReferencePeriod=2025-01-01&vectorIds=86822802,,,Debt,Millions of $ CAD | Source: STATCAN through ECO API,https://www150.statcan.gc.ca/t1/wds/rest/getDataFromVectorByReferencePeriodRange?startRefPeriod=1900-01-01&endReferencePeriod=2025-01-01&vectorIds=,https://www150.statcan.gc.ca/t1/wds/rest/getDataFromVectorByReferencePeriodRange?startRefPeriod=1900-01-01&endReferencePeriod=2025-01-01&vectorIds=86822802,STATCAN,Statistics Canada,,millions,object.vectorDataPoint.refPer,object.vectorDataPoint.value,1,,,,,0
Canada,can,by10,https://api.economicsobservatory.com/can/by10,https://www150.statcan.gc.ca/t1/wds/rest/getDataFromVectorByReferencePeriodRange?startRefPeriod=1900-01-01&endReferencePeriod=2025-01-01&vectorIds=39055,,,10-year bond yield,% | Source: STATCAN through ECO API,https://www150.statcan.gc.ca/t1/wds/rest/getDataFromVectorByReferencePeriodRange?startRefPeriod=1900-01-01&endReferencePeriod=2025-01-01&vectorIds=,https://www150.statcan.gc.ca/t1/wds/rest/getDataFromVectorByReferencePeriodRange?startRefPeriod=1900-01-01&endReferencePeriod=2025-01-01&vectorIds=39055,STATCAN,Statistics Canada,,%,object.vectorDataPoint.refPer,object.vectorDataPoint.value,1,,,,,0
Canada,can,infl,https://api.economicsobservatory.com/can/infl,https://www150.statcan.gc.ca/t1/wds/rest/getDataFromVectorByReferencePeriodRange?startRefPeriod=1900-01-01&endReferencePeriod=2025-01-01&vectorIds=108785713,108785713,18100256,Inflation,"CPI all, % | Source: STATCAN through ECO API",https://www150.statcan.gc.ca/t1/wds/rest/getDataFromVectorByReferencePeriodRange?startRefPeriod=1900-01-01&endReferencePeriod=2025-01-01&vectorIds=,https://www150.statcan.gc.ca/t1/wds/rest/getDataFromVectorByReferencePeriodRange?startRefPeriod=2006-01-01&endReferencePeriod=2025-01-01&vectorIds=108785713,STATCAN,Statistics Canada,,%,object.vectorDataPoint.refPer,object.vectorDataPoint.value,1,,,,,0
Canada,can,unem,https://api.economicsobservatory.com/can/unem,https://www150.statcan.gc.ca/t1/wds/rest/getDataFromVectorByReferencePeriodRange?startRefPeriod=1900-01-01&endReferencePeriod=2025-01-01&vectorIds=2062815,2062815,14100287,Unemployment rate,% | Source: STATCAN through ECO API,https://www150.statcan.gc.ca/t1/wds/rest/getDataFromVectorByReferencePeriodRange?startRefPeriod=1900-01-01&endReferencePeriod=2025-01-01&vectorIds=,https://www150.statcan.gc.ca/t1/wds/rest/getDataFromVectorByReferencePeriodRange?startRefPeriod=1900-01-01&endReferencePeriod=2025-01-01&vectorIds=2062815,STATCAN,Statistics Canada,,%,object.vectorDataPoint.refPer,object.vectorDataPoint.value,1,,,,,0
Canada,can,empl,https://api.economicsobservatory.com/can/empl,https://www150.statcan.gc.ca/t1/wds/rest/getDataFromVectorByReferencePeriodRange?startRefPeriod=1900-01-01&endReferencePeriod=2025-01-01&vectorIds=2062817,2062817,14100287,Employment rate,% | Source: STATCAN through ECO API,https://www150.statcan.gc.ca/t1/wds/rest/getDataFromVectorByReferencePeriodRange?startRefPeriod=1900-01-01&endReferencePeriod=2025-01-01&vectorIds=,https://www150.statcan.gc.ca/t1/wds/rest/getDataFromVectorByReferencePeriodRange?startRefPeriod=1900-01-01&endReferencePeriod=2025-01-01&vectorIds=2062817,STATCAN,Statistics Canada,,%,object.vectorDataPoint.refPer,object.vectorDataPoint.value,1,,,,,0
Canada,can,empd,https://api.economicsobservatory.com/can/empd,https://www150.statcan.gc.ca/t1/wds/rest/getDataFromVectorByReferencePeriodRange?startRefPeriod=1900-01-01&endReferencePeriod=2025-01-01&vectorIds=2062811,2062811,14100287,Employed,Thousands | Source: STATCAN through ECO API,https://www150.statcan.gc.ca/t1/wds/rest/getDataFromVectorByReferencePeriodRange?startRefPeriod=1900-01-01&endReferencePeriod=2025-01-01&vectorIds=,https://www150.statcan.gc.ca/t1/wds/rest/getDataFromVectorByReferencePeriodRange?startRefPeriod=1900-01-01&endReferencePeriod=2025-01-01&vectorIds=2062811,STATCAN,Statistics Canada,,thousands,object.vectorDataPoint.refPer,object.vectorDataPoint.value,1,,,,,0
Canada,can,prod,https://api.economicsobservatory.com/can/prod,https://www150.statcan.gc.ca/t1/wds/rest/getDataFromVectorByReferencePeriodRange?startRefPeriod=1900-01-01&endReferencePeriod=2025-01-01&vectorIds=111384112,,,Productivity,Chained $ 2012 CAN / hour | Source: STATCAN through ECO API,https://www150.statcan.gc.ca/t1/wds/rest/getDataFromVectorByReferencePeriodRange?startRefPeriod=1900-01-01&endReferencePeriod=2025-01-01&vectorIds=,https://www150.statcan.gc.ca/t1/wds/rest/getDataFromVectorByReferencePeriodRange?startRefPeriod=1900-01-01&endReferencePeriod=2025-01-01&vectorIds=111384112,STATCAN,Statistics Canada,,Chained $ 2012 CAN / hour,object.vectorDataPoint.refPer,object.vectorDataPoint.value,1,,,,,0
Canada,can,ineq,https://api.economicsobservatory.com/can/ineq,https://www150.statcan.gc.ca/t1/wds/rest/getDataFromVectorByReferencePeriodRange?startRefPeriod=1900-01-01&endReferencePeriod=2025-01-01&vectorIds=96439636,,,Inequality,Gini coefficient | Source: STATCAN through ECO API,https://www150.statcan.gc.ca/t1/wds/rest/getDataFromVectorByReferencePeriodRange?startRefPeriod=1900-01-01&endReferencePeriod=2025-01-01&vectorIds=,https://www150.statcan.gc.ca/t1/wds/rest/getDataFromVectorByReferencePeriodRange?startRefPeriod=1900-01-01&endReferencePeriod=2025-01-01&vectorIds=96439636,STATCAN,Statistics Canada,,Index,object.vectorDataPoint.refPer,object.vectorDataPoint.value,1,,,,,0
Canada,can,popu,https://api.economicsobservatory.com/can/popu,https://www150.statcan.gc.ca/t1/wds/rest/getDataFromVectorByReferencePeriodRange?startRefPeriod=1900-01-01&endReferencePeriod=2025-01-01&vectorIds=2062809,2062809,14100287,Population,Thousands | Source: STATCAN through ECO API,https://www150.statcan.gc.ca/t1/wds/rest/getDataFromVectorByReferencePeriodRange?startRefPeriod=1900-01-01&endReferencePeriod=2025-01-01&vectorIds=,https://www150.statcan.gc.ca/t1/wds/rest/getDataFromVectorByReferencePeriodRange?startRefPeriod=1900-01-01&endReferencePeriod=2025-01-01&vectorIds=2062809,STATCAN,Statistics Canada,,thousands,object.vectorDataPoint.refPer,object.vectorDataPoint.value,1,,,,,0
Canada,can,wage,https://api.economicsobservatory.com/can/wage,https://www150.statcan.gc.ca/t1/wds/rest/getDataFromVectorByReferencePeriodRange?startRefPeriod=1900-01-01&endReferencePeriod=2025-01-01&vectorIds=105812714,,,Weekly wage,$ CAN / week | Source: STATCAN through ECO API,https://www150.statcan.gc.ca/t1/wds/rest/getDataFromVectorByReferencePeriodRange?startRefPeriod=1900-01-01&endReferencePeriod=2025-01-01&vectorIds=,https://www150.statcan.gc.ca/t1/wds/rest/getDataFromVectorByReferencePeriodRange?startRefPeriod=1900-01-01&endReferencePeriod=2025-01-01&vectorIds=105812714,STATCAN,Statistics Canada,,$ CAN / week,object.vectorDataPoint.refPer,object.vectorDataPoint.value,1,,,,,0
Australia,aus,infl,https://api.economicsobservatory.com/aus/infl,https://api.data.abs.gov.au/data/CPI/3.10001.10.50.Q?detail=dataonly&format=jsondata,3.10001.10.50.Q,CPI,Inflation,CPI % | Source: ABS through ECO API,https://api.data.abs.gov.au/data/${y}/${x}?detail=dataonly&format=jsondata,https://api.data.abs.gov.au/data/CPI/3.10001.10.50.Q?detail=dataonly&format=jsondata,ABS,Australian Bureau of Statistics,,%,TIME_PERIOD,OBS_VALUE,1,,,,,0
Australia,aus,empd,https://api.economicsobservatory.com/aus/empd,https://api.data.abs.gov.au/data/ABS_LABOUR_ACCT/M9.AUS.TOTAL.A?detail=dataonly&format=jsondata,M9.AUS.TOTAL.A,ABS_LABOUR_ACCT,Employed,Total jobs all industries | Source: ABS through ECO API,https://api.data.abs.gov.au/data/${y}/${x}?detail=dataonly&format=jsondata,https://api.data.abs.gov.au/data/ABS_LABOUR_ACCT/M9.AUS.TOTAL.A?detail=dataonly&format=jsondata,ABS,Australian Bureau of Statistics,,,TIME_PERIOD,OBS_VALUE,1,,,,,0
Australia,aus,prod,https://api.economicsobservatory.com/aus/prod,https://api.data.abs.gov.au/data/ANA_AGG/M5.GVA_MKT_PHW.10.AUS.Q?detail=dataonly&format=jsondata,M5.GVA_MKT_PHW.10.AUS.Q,ANA_AGG,Productivity,$ AUD / hour | Source: ABS through ECO API,https://api.data.abs.gov.au/data/${y}/${x}?detail=dataonly&format=jsondata,https://api.data.abs.gov.au/data/ANA_AGG/M5.GVA_MKT_PHW.10.AUS.Q?detail=dataonly&format=jsondata,ABS,Australian Bureau of Statistics,,$ AUD / hour,TIME_PERIOD,OBS_VALUE,1,,,,,0
Australia,aus,inac,https://api.economicsobservatory.com/aus/inac,https://api.data.abs.gov.au/data/ABS_LABOUR_ACCT/M26.AUS.TOTAL.A?detail=dataonly&format=jsondata,M26.AUS.TOTAL.A,ABS_LABOUR_ACCT,Inactivity,Thousands | Source: ABS through ECO API,https://api.data.abs.gov.au/data/${y}/${x}?detail=dataonly&format=jsondata,https://api.data.abs.gov.au/data/ABS_LABOUR_ACCT/M26.AUS.TOTAL.A?detail=dataonly&format=jsondata,ABS,Australian Bureau of Statistics,,thousands,TIME_PERIOD,OBS_VALUE,1,,,,,0
Indonesia,nga,popu,https://api.economicsobservatory.com/nga/popu,https://nso-nigeria.opendataforafrica.org/api/2.0/data?datasetId=seujnx&indicator=99Z...F...{Z},,,Population,people | Source: NBS through ECO API,https://nso-nigeria.opendataforafrica.org/api/2.0/data?datasetId={y}&indicator={x},https://nso-nigeria.opendataforafrica.org/api/2.0/data?datasetId=seujnx&indicator=99Z...F...{Z},NBS,Nigerian Bureau of Statistics,,people,data.Time,data.Value,1,,,,,0
Indonesia,nga,unem,https://api.economicsobservatory.com/nga/unem,https://nso-nigeria.opendataforafrica.org/api/2.0/data?datasetId=bgzgbcg&timerange=1970-2025&frequency=A&state=NG&indicator=6201019,,,Unemployment rate,% | Source: NBS through ECO API,https://nso-nigeria.opendataforafrica.org/api/2.0/data?datasetId={y}&indicator={x},https://nso-nigeria.opendataforafrica.org/api/2.0/data?datasetId=bgzgbcg&timerange=1970-2025&frequency=A&state=NG&indicator=6201019,NBS,Nigerian Bureau of Statistics,,%,data.Time,data.Value,1,,,,,0
Indonesia,nga,grow,https://api.economicsobservatory.com/nga/grow,https://nso-nigeria.opendataforafrica.org/api/2.0/data?datasetId=sxyxbgb&indicator=KN.A4,,,Growth,% | Source: NBS through ECO API,https://nso-nigeria.opendataforafrica.org/api/2.0/data?datasetId={y}&indicator={x},https://nso-nigeria.opendataforafrica.org/api/2.0/data?datasetId=sxyxbgb&indicator=KN.A4,NBS,Nigerian Bureau of Statistics,,%,data.Time,data.Value,1,,,,,0
Indonesia,idn,infl,https://api.economicsobservatory.com/idn/infl,https://webapi.bps.go.id/v1/api/list/model/data/lang/eng/domain/0000/var/1/key/5a91eee05bb200a412fdddf3f53778a8/vervar/9999/,9999,1,Inflation,"All items, % | Source: BPS through ECO API",https://webapi.bps.go.id/v1/api/list/model/data/lang/eng/domain/0000/var/{DATASET}/key/{KEY}/vervar/{SERIES}/,https://webapi.bps.go.id/v1/api/list/model/data/lang/eng/domain/0000/var/1/key/5a91eee05bb200a412fdddf3f53778a8/vervar/9999/,BPS,Badan Pusat Statistik,"CPI annual rate, all items, % change",%,observations.date,observations.value,1,,,,,0
Indonesia,idn,grow,https://api.economicsobservatory.com/idn/grow,https://webapi.bps.go.id/v1/api/list/model/data/lang/eng/domain/0000/var/2130/key/5a91eee05bb200a412fdddf3f53778a8/vervar/800/,800,2130,Growth,"Year-on-Year GDP Growth, % | Source: BPS through ECO API",https://webapi.bps.go.id/v1/api/list/model/data/lang/eng/domain/0000/var/{DATASET}/key/{KEY}/vervar/{SERIES}/,https://webapi.bps.go.id/v1/api/list/model/data/lang/eng/domain/0000/var/2130/key/5a91eee05bb200a412fdddf3f53778a8/vervar/800/,BPS,Badan Pusat Statistik,Gross Domestic Product Growth,%,observations.date,observations.value,1,,,,,0
Indonesia,idn,unem,https://api.economicsobservatory.com/idn/unem,https://webapi.bps.go.id/v1/api/list/model/data/lang/eng/domain/0000/var/543/key/5a91eee05bb200a412fdddf3f53778a8/vervar/9999/,9999,543,Unemployment,"Ages 16 and over, % | Source: BPS through ECO API",https://webapi.bps.go.id/v1/api/list/model/data/lang/eng/domain/0000/var/{DATASET}/key/{KEY}/vervar/{SERIES}/,https://webapi.bps.go.id/v1/api/list/model/data/lang/eng/domain/0000/var/543/key/5a91eee05bb200a412fdddf3f53778a8/vervar/9999/,BPS,Badan Pusat Statistik,,%,observations.date,observations.value,1,,,,,0
Indonesia,idn,empl,https://api.economicsobservatory.com/idn/empl,https://webapi.bps.go.id/v1/api/list/model/data/lang/eng/domain/0000/var/1953/key/5a91eee05bb200a412fdddf3f53778a8/vervar/1/turvar/1664/,1,1953,Employment Rate,"Ages 16 and over, % | Source: BPS through ECO API",https://webapi.bps.go.id/v1/api/list/model/data/lang/eng/domain/0000/var/{DATASET}/key/{KEY}/vervar/{SERIES}/,https://webapi.bps.go.id/v1/api/list/model/data/lang/eng/domain/0000/var/1953/key/5a91eee05bb200a412fdddf3f53778a8/vervar/1/turvar/1664/,BPS,Badan Pusat Statistik,,%,observations.date,observations.value,1,,,,,0
Indonesia,idn,empd,https://api.economicsobservatory.com/idn/empd,https://webapi.bps.go.id/v1/api/list/model/data/lang/eng/domain/0000/var/1953/key/5a91eee05bb200a412fdddf3f53778a8/vervar/2/turvar/1664/,2,1953,Employed,"Ages 16 and over, thousands | Source: BPS through ECO API",https://webapi.bps.go.id/v1/api/list/model/data/lang/eng/domain/0000/var/{DATASET}/key/{KEY}/vervar/{SERIES}/,https://webapi.bps.go.id/v1/api/list/model/data/lang/eng/domain/0000/var/1953/key/5a91eee05bb200a412fdddf3f53778a8/vervar/2/turvar/1664/,BPS,Badan Pusat Statistik,,thousands,observations.date,observations.value,1,,,,,0
Indonesia,idn,expo,https://api.economicsobservatory.com/idn/expo,https://webapi.bps.go.id/v1/api/list/model/data/lang/eng/domain/0000/var/196/key/5a91eee05bb200a412fdddf3f53778a8/vervar/9999/,9999,196,Exports,Millions of USD | Source: BPS through ECO API,https://webapi.bps.go.id/v1/api/list/model/data/lang/eng/domain/0000/var/{DATASET}/key/{KEY}/vervar/{SERIES}/,https://webapi.bps.go.id/v1/api/list/model/data/lang/eng/domain/0000/var/196/key/5a91eee05bb200a412fdddf3f53778a8/vervar/9999/,BPS,Badan Pusat Statistik,,millions USD,observations.date,observations.value,1,,,,,0
Indonesia,idn,impo,https://api.economicsobservatory.com/idn/impo,https://webapi.bps.go.id/v1/api/list/model/data/lang/eng/domain/0000/var/497/key/5a91eee05bb200a412fdddf3f53778a8/vervar/9999/,9999,497,Imports,Millions of USD | Source: BPS through ECO API,https://webapi.bps.go.id/v1/api/list/model/data/lang/eng/domain/0000/var/{DATASET}/key/{KEY}/vervar/{SERIES}/,https://webapi.bps.go.id/v1/api/list/model/data/lang/eng/domain/0000/var/497/key/5a91eee05bb200a412fdddf3f53778a8/vervar/9999/,BPS,Badan Pusat Statistik,,millions USD,observations.date,observations.value,1,,,,,0
Indonesia,idn,wage,https://api.economicsobservatory.com/idn/wage,https://webapi.bps.go.id/v1/api/list/model/data/lang/eng/domain/0000/var/1521/key/5a91eee05bb200a412fdddf3f53778a8/vervar/18/,18,1521,Wages,"Average of Net Wage/Salary, Rupiahs | Source: BPS through ECO API",https://webapi.bps.go.id/v1/api/list/model/data/lang/eng/domain/0000/var/{DATASET}/key/{KEY}/vervar/{SERIES}/,https://webapi.bps.go.id/v1/api/list/model/data/lang/eng/domain/0000/var/1521/key/5a91eee05bb200a412fdddf3f53778a8/vervar/18/,BPS,Badan Pusat Statistik,,rupiahs,observations.date,observations.value,1,,,,,0
Indonesia,ind,grow,https://api.economicsobservatory.com/ind/gdp,https://api.data.gov.in/resource/f338e1f1-b527-454e-b0ee-089f3de3f0fa?api-key=579b464db66ec23bdd0000018e793fe1c530401b5c488668000676e1&format=json&limit=10000,,f338e1f1-b527-454e-b0ee-089f3de3f0fa?,Growth,GDP Growth | Source: OGD India through ECO API,https://api.data.gov.in/resource/${resource_id}?api-key=${api_key}&format=json&limit=10000,https://api.data.gov.in/resource/f338e1f1-b527-454e-b0ee-089f3de3f0fa?api-key=579b464db66ec23bdd0000018e793fe1c530401b5c488668000676e1&format=json&limit=10000,OGD India,Open Government Data India,,%,observations.date,observations.value,1,"[""/growth_rate___(\\d{4}_\\d{2}___\\w{1,2})/""]","[""/growth_rate___\\d{4}_\\d{2}___\\w{1,2}/""]","[[""item"", ""10. GDP ""]]",wide,0
Indonesia,ind,infl,https://api.economicsobservatory.com/ind/gdp,https://api.data.gov.in/resource/80cc0a60-15fc-492e-a682-cf5e9056b598?api-key=579b464db66ec23bdd0000018e793fe1c530401b5c488668000676e1&format=json&limit=10000,,80cc0a60-15fc-492e-a682-cf5e9056b598,Inflation,"Urban+Rural Price Index, 2012=100 | Source: OGD India through ECO API",https://api.data.gov.in/resource/${resource_id}?api-key=${api_key}&format=json&limit=10000,https://api.data.gov.in/resource/80cc0a60-15fc-492e-a682-cf5e9056b598?api-key=579b464db66ec23bdd0000018e793fe1c530401b5c488668000676e1&format=json&limit=10000,OGD India,Open Government Data India,,2012=100,observations.date,observations.value,1," [""year"", ""month""]","[""general_index""]","[[""sector"", ""Rural+Urban""]]",long,0
Indonesia,ind,expo,https://api.economicsobservatory.com/ind/expo,https://api.data.gov.in/resource/f338e1f1-b527-454e-b0ee-089f3de3f0fa?api-key=579b464db66ec23bdd0000018e793fe1c530401b5c488668000676e1&format=json&limit=10000,,f338e1f1-b527-454e-b0ee-089f3de3f0fa?,Exports,"Exports , RS Crore | Source: OGD India through ECO API",https://api.data.gov.in/resource/${resource_id}?api-key=${api_key}&format=json&limit=10001,https://api.data.gov.in/resource/f338e1f1-b527-454e-b0ee-089f3de3f0fa?api-key=579b464db66ec23bdd0000018e793fe1c530401b5c488668000676e1&format=json&limit=10000,OGD India,Open Government Data India,,Rs Crore,observations.date,observations.value,1,"[""/value_rs_in_crore___(\\d{4}_\\d{2}___\\w{1,2})/""]","[""/value_rs_in_crore___\\d{4}_\\d{2}___\\w{1,2}/""]","[[""item"", ""16. Exports of goods and services""]]",wide,0
Indonesia,ind,impo,https://api.economicsobservatory.com/ind/impo,https://api.data.gov.in/resource/f338e1f1-b527-454e-b0ee-089f3de3f0fa?api-key=579b464db66ec23bdd0000018e793fe1c530401b5c488668000676e1&format=json&limit=10001,,f338e1f1-b527-454e-b0ee-089f3de3f0fa?,Imports,"Imports , RS Crore | Source: OGD India through ECO API",https://api.data.gov.in/resource/${resource_id}?api-key=${api_key}&format=json&limit=10002,https://api.data.gov.in/resource/f338e1f1-b527-454e-b0ee-089f3de3f0fa?api-key=579b464db66ec23bdd0000018e793fe1c530401b5c488668000676e1&format=json&limit=10001,OGD India,Open Government Data India,,Rs Crore,observations.date,observations.value,1,"[""/value_rs_in_crore___(\\d{4}_\\d{2}___\\w{1,2})/""]","[""/value_rs_in_crore___\\d{4}_\\d{2}___\\w{1,2}/""]","[[""item"", ""17. Imports of goods and services""]]",wide,0
Indonesia,idn,prod,https://api.economicsobservatory.com/idn/prod,https://webapi.bps.go.id/v1/api/list/model/data/lang/eng/domain/0000/var/720/key/5a91eee05bb200a412fdddf3f53778a8/vervar/35/,35,720,Productivity,"Value Added per Employee, thousand rupiahs",https://webapi.bps.go.id/v1/api/list/model/data/lang/eng/domain/0000/var/{DATASET}/key/{KEY}/vervar/{SERIES}/,https://webapi.bps.go.id/v1/api/list/model/data/lang/eng/domain/0000/var/720/key/5a91eee05bb200a412fdddf3f53778a8/vervar/35/,BPS,Badan Pusat Statistik,,thousand rupiahs,observations.date,observations.value,1,,,,,0
Indonesia,idn,inac,https://api.economicsobservatory.com/idn/inac,https://webapi.bps.go.id/v1/api/list/model/data/lang/eng/domain/0000/var/704/key/5a91eee05bb200a412fdddf3f53778a8/vervar/11/turvar/834/,11,704,Inactivity,Not In Labour Force | Source: BPS through ECO API,https://webapi.bps.go.id/v1/api/list/model/data/lang/eng/domain/0000/var/{DATASET}/key/{KEY}/vervar/{SERIES}/,https://webapi.bps.go.id/v1/api/list/model/data/lang/eng/domain/0000/var/704/key/5a91eee05bb200a412fdddf3f53778a8/vervar/11/turvar/834/,BPS,Badan Pusat Statistik,,people,observations.date,observations.value,1,,,,,0
Indonesia,idn,popu,https://api.economicsobservatory.com/idn/popu,https://webapi.bps.go.id/v1/api/list/model/data/lang/eng/domain/0000/var/1975/key/5a91eee05bb200a412fdddf3f53778a8/vervar/9999/,9999,1975,Population,"Mid-Year Population, Thousands of People | Source: BPS through ECO API",https://webapi.bps.go.id/v1/api/list/model/data/lang/eng/domain/0000/var/{DATASET}/key/{KEY}/vervar/{SERIES}/,https://webapi.bps.go.id/v1/api/list/model/data/lang/eng/domain/0000/var/1975/key/5a91eee05bb200a412fdddf3f53778a8/vervar/9999/,BPS,Badan Pusat Statistik,,thousands people,observations.date,observations.value,1,,,,,0
Indonesia,idn,ineq,https://api.economicsobservatory.com/idn/ineq,https://webapi.bps.go.id/v1/api/list/model/data/lang/eng/domain/0000/var/1521/key/5a91eee05bb200a412fdddf3f53778a8/vervar/18/,9999,98,Inequality,Net Income GINI Ratio | Source: BPS through ECO API,https://webapi.bps.go.id/v1/api/list/model/data/lang/eng/domain/0000/var/{DATASET}/key/{KEY}/vervar/{SERIES}/,https://webapi.bps.go.id/v1/api/list/model/data/lang/eng/domain/0000/var/1521/key/5a91eee05bb200a412fdddf3f53778a8/vervar/18/,BPS,Badan Pusat Statistik,,%,observations.date,observations.value,1,,,,,0
Mexico,mex,popu,https://api.economicsobservatory.com/mex/popu,https://en.www.inegi.org.mx/app/api/indicadores/desarrolladores/jsonxml/INDICATOR/289242/en/702100/false/BIE/2.0/43d8fff0-7f2c-58c1-0109-06453d1031da?type=json,289242,BIE,Population,people | Source: NBS through ECO API,https://en.www.inegi.org.mx/app/api/indicadores/desarrolladores/jsonxml/INDICATOR/{SERIES}/en/0700/false/BIE/2.0/43d8fff0-7f2c-58c1-0109-06453d1031da?type=json,https://en.www.inegi.org.mx/app/api/indicadores/desarrolladores/jsonxml/INDICATOR/289242/en/702100/false/BIE/2.0/43d8fff0-7f2c-58c1-0109-06453d1031da?type=json,INEGI,INEGI,Population,,2018=100,,1,,,,,0
Mexico,mex,inter,https://api.economicsobservatory.com/mex/inter,https://en.www.inegi.org.mx/app/api/indicadores/desarrolladores/jsonxml/INDICATOR/182022/en/702100/false/BIE/2.0/43d8fff0-7f2c-58c1-0109-06453d1031da?type=json,182022,BIE,Interest Rates,Interest Rates | Source: INEGI through ECO API,https://en.www.inegi.org.mx/app/api/indicadores/desarrolladores/jsonxml/INDICATOR/{SERIES}/en/0700/false/BIE/2.0/43d8fff0-7f2c-58c1-0109-06453d1031da?type=json,https://en.www.inegi.org.mx/app/api/indicadores/desarrolladores/jsonxml/INDICATOR/182022/en/702100/false/BIE/2.0/43d8fff0-7f2c-58c1-0109-06453d1031da?type=json,INEGI,INEGI,Central Bank Interest Rates,%,%,,1,,,,,0
Mexico,mex,debt,https://api.economicsobservatory.com/mex/debt,https://en.www.inegi.org.mx/app/api/indicadores/desarrolladores/jsonxml/INDICATOR/441587/en/441587/false/BIE/2.0/43d8fff0-7f2c-58c1-0109-06453d1031da?type=json,441587,BIE,Debt,Debt in Pesos | Source: INEGI through ECO API,https://en.www.inegi.org.mx/app/api/indicadores/desarrolladores/jsonxml/INDICATOR/{SERIES}/en/0700/false/BIE/2.0/43d8fff0-7f2c-58c1-0109-06453d1031da?type=json,https://en.www.inegi.org.mx/app/api/indicadores/desarrolladores/jsonxml/INDICATOR/441587/en/441587/false/BIE/2.0/43d8fff0-7f2c-58c1-0109-06453d1031da?type=json,INEGI,INEGI,National Debt given in pesos,,,,1,,,,,0
Mexico,mex,unem,https://api.economicsobservatory.com/mex/unem,https://en.www.inegi.org.mx/app/api/indicadores/desarrolladores/jsonxml/INDICATOR/448343/en/441587/false/BIE/2.0/43d8fff0-7f2c-58c1-0109-06453d1031da?type=json,448343,BIE,Unemployment rate,% Unemployment Rate | Source: INEGI through ECO API,https://en.www.inegi.org.mx/app/api/indicadores/desarrolladores/jsonxml/INDICATOR/{SERIES}/en/0700/false/BIE/2.0/43d8fff0-7f2c-58c1-0109-06453d1031da?type=json,https://en.www.inegi.org.mx/app/api/indicadores/desarrolladores/jsonxml/INDICATOR/448343/en/441587/false/BIE/2.0/43d8fff0-7f2c-58c1-0109-06453d1031da?type=json,INEGI,INEGI,"Unemployment rate, aged over 16, seasonally adjusted",%,,,1,,,,,0
Mexico,mex,part,https://api.economicsobservatory.com/mex/part,https://en.www.inegi.org.mx/app/api/indicadores/desarrolladores/jsonxml/INDICATOR/444602/en/702100/false/BIE/2.0/43d8fff0-7f2c-58c1-0109-06453d1031da?type=json,444602,BIE,Participation Rate,% Participation rate | Source: INEGI through ECO API,https://en.www.inegi.org.mx/app/api/indicadores/desarrolladores/jsonxml/INDICATOR/{SERIES}/en/0700/false/BIE/2.0/43d8fff0-7f2c-58c1-0109-06453d1031da?type=json,https://en.www.inegi.org.mx/app/api/indicadores/desarrolladores/jsonxml/INDICATOR/444602/en/702100/false/BIE/2.0/43d8fff0-7f2c-58c1-0109-06453d1031da?type=json,INEGI,INEGI,Participation Rate,%,,,1,,,,,0
Mexico,mex,conf,https://api.economicsobservatory.com/mex/conf,https://en.www.inegi.org.mx/app/api/indicadores/desarrolladores/jsonxml/INDICATOR/454168/en/702100/false/BIE/2.0/43d8fff0-7f2c-58c1-0109-06453d1031da?type=json,454168,BIE,Consumer Confidence,Consumer Confidence | Source: INEGI through ECO API,https://en.www.inegi.org.mx/app/api/indicadores/desarrolladores/jsonxml/INDICATOR/{SERIES}/en/0700/false/BIE/2.0/43d8fff0-7f2c-58c1-0109-06453d1031da?type=json,https://en.www.inegi.org.mx/app/api/indicadores/desarrolladores/jsonxml/INDICATOR/454168/en/702100/false/BIE/2.0/43d8fff0-7f2c-58c1-0109-06453d1031da?type=json,INEGI,INEGI,Consumer Confidence,,,,1,,,,,0
Mexico,mex,gdp,https://api.economicsobservatory.com/mex/gdp,https://en.www.inegi.org.mx/app/api/indicadores/desarrolladores/jsonxml/INDICATOR/733671/en/702100/false/BIE/2.0/43d8fff0-7f2c-58c1-0109-06453d1031da?type=json,733671,BIE,GDP,GDP in 2018 Prices | Source: INEGI through ECO API,https://en.www.inegi.org.mx/app/api/indicadores/desarrolladores/jsonxml/INDICATOR/{SERIES}/en/0700/false/BIE/2.0/43d8fff0-7f2c-58c1-0109-06453d1031da?type=json,https://en.www.inegi.org.mx/app/api/indicadores/desarrolladores/jsonxml/INDICATOR/733671/en/702100/false/BIE/2.0/43d8fff0-7f2c-58c1-0109-06453d1031da?type=json,INEGI,INEGI,Quarterly GDP in 2018 Prices,,,,1,,,,,0
Mexico,mex,prod,https://api.economicsobservatory.com/mex/prod,https://en.www.inegi.org.mx/app/api/indicadores/desarrolladores/jsonxml/INDICATOR/786461/en/702100/false/BIE/2.0/43d8fff0-7f2c-58c1-0109-06453d1031da?type=json,786461,BIE,Productivity,Productivity  | Source: INEGI through ECO API,https://en.www.inegi.org.mx/app/api/indicadores/desarrolladores/jsonxml/INDICATOR/{SERIES}/en/0700/false/BIE/2.0/43d8fff0-7f2c-58c1-0109-06453d1031da?type=json,https://en.www.inegi.org.mx/app/api/indicadores/desarrolladores/jsonxml/INDICATOR/786461/en/702100/false/BIE/2.0/43d8fff0-7f2c-58c1-0109-06453d1031da?type=json,INEGI,INEGI,Productivity,,,,1,,,,,0
Mexico,mex,infl,https://api.economicsobservatory.com/mex/infl,https://en.www.inegi.org.mx/app/api/indicadores/desarrolladores/jsonxml/INDICATOR/628194/en/0700/false/BIE/2.0/43d8fff0-7f2c-58c1-0109-06453d1031da?type=json,628194,BIE,Inflation,2018/07 base price,https://en.www.inegi.org.mx/app/api/indicadores/desarrolladores/jsonxml/INDICATOR/{SERIES}/en/0700/false/BIE/2.0/43d8fff0-7f2c-58c1-0109-06453d1031da?type=json,https://en.www.inegi.org.mx/app/api/indicadores/desarrolladores/jsonxml/INDICATOR/628194/en/0700/false/BIE/2.0/43d8fff0-7f2c-58c1-0109-06453d1031da?type=json,INEGI,INEGI,Inflation given with 2018 base prices,%,,,1,,,,,0
Brazil,bra,gdpp,https://api.economicsobservatory.com/bra/gdpp,https://raw.githubusercontent.com/EconomicsObservatory/api/main/cached_data/bra/gdpp.json,,,GDP per capita,GDP per capita | IGBE through ECO API,https://raw.githubusercontent.com/EconomicsObservatory/api/main/cached_data/bra/{code}.json,https://raw.githubusercontent.com/EconomicsObservatory/api/main/cached_data/bra/gdpp.json,IGBE,Instituto Brasileiro de Geografia e Estatística,,,date,value,1,,,,,1
Brazil,bra,popu,https://api.economicsobservatory.com/bra/popu,https://raw.githubusercontent.com/EconomicsObservatory/api/main/cached_data/bra/popu.json,,,Population,Population | IGBE through ECO API,https://raw.githubusercontent.com/EconomicsObservatory/api/main/cached_data/bra/{code}.json,https://raw.githubusercontent.com/EconomicsObservatory/api/main/cached_data/bra/popu.json,IGBE,Instituto Brasileiro de Geografia e Estatística,,,date,value,1,,,,,1
Brazil,bra,unem,https://api.economicsobservatory.com/bra/unem,https://raw.githubusercontent.com/EconomicsObservatory/api/main/cached_data/bra/unem.json,,,Unemployment rate,Unemployment rate | IGBE through ECO API,https://raw.githubusercontent.com/EconomicsObservatory/api/main/cached_data/bra/{code}.json,https://raw.githubusercontent.com/EconomicsObservatory/api/main/cached_data/bra/unem.json,IGBE,Instituto Brasileiro de Geografia e Estatística,,,date,value,1,,,,,1
Brazil,bra,infl,https://api.economicsobservatory.com/bra/infl,https://raw.githubusercontent.com/EconomicsObservatory/api/main/cached_data/bra/infl.json,,,Inflation,Inflation | IGBE through ECO API,https://raw.githubusercontent.com/EconomicsObservatory/api/main/cached_data/bra/{code}.json,https://raw.githubusercontent.com/EconomicsObservatory/api/main/cached_data/bra/infl.json,IGBE,Instituto Brasileiro de Geografia e Estatística,,,date,value,1,,,,,1
Brazil,bra,grow,https://api.economicsobservatory.com/bra/grow,https://raw.githubusercontent.com/EconomicsObservatory/api/main/cached_data/bra/grow.json,,,Growth,Growth | IGBE through ECO API,https://raw.githubusercontent.com/EconomicsObservatory/api/main/cached_data/bra/{code}.json,https://raw.githubusercontent.com/EconomicsObservatory/api/main/cached_data/bra/grow.json,IGBE,Instituto Brasileiro de Geografia e Estatística,,,date,value,1,,,,,1
Brazil,bra,gdp,https://api.economicsobservatory.com/bra/gdp,https://raw.githubusercontent.com/EconomicsObservatory/api/main/cached_data/bra/gdp.json,,,GDP,GDP | IGBE through ECO API,https://raw.githubusercontent.com/EconomicsObservatory/api/main/cached_data/bra/{code}.json,https://raw.githubusercontent.com/EconomicsObservatory/api/main/cached_data/bra/gdp.json,IGBE,Instituto Brasileiro de Geografia e Estatística,,,date,value,1,,,,,1
China,chn,infl,https://api.economicsobservatory.com/chn/infl,https://raw.githubusercontent.com/EconomicsObservatory/api/main/cached_data/chn/infl.json,,,Inflation,Year-on-year change in CPI (%) | NBS through ECO API,https://raw.githubusercontent.com/EconomicsObservatory/api/main/cached_data/chn/{code}.json,https://raw.githubusercontent.com/EconomicsObservatory/api/main/cached_data/chn/infl.json,NBS,National Bureau of Statistics of China,,,date,value,1,,,,,1
China,chn,expo,https://api.economicsobservatory.com/chn/expo,https://raw.githubusercontent.com/EconomicsObservatory/api/main/cached_data/chn/expo.json,,,Exports,Monthly Exports of goods and services ('000 current US$) | NBS through ECO API,https://raw.githubusercontent.com/EconomicsObservatory/api/main/cached_data/chn/{code}.json,https://raw.githubusercontent.com/EconomicsObservatory/api/main/cached_data/chn/expo.json,NBS,National Bureau of Statistics of China,,,date,value,1,,,,,1
China,chn,impo,https://api.economicsobservatory.com/chn/impo,https://raw.githubusercontent.com/EconomicsObservatory/api/main/cached_data/chn/impo.json,,,Imports,Monthly Imports of goods and services ('000 current US$) | NBS through ECO API,https://raw.githubusercontent.com/EconomicsObservatory/api/main/cached_data/chn/{code}.json,https://raw.githubusercontent.com/EconomicsObservatory/api/main/cached_data/chn/impo.json,NBS,National Bureau of Statistics of China,,,date,value,1,,,,,1
China,chn,esta,https://api.economicsobservatory.com/chn/esta,https://raw.githubusercontent.com/EconomicsObservatory/api/main/cached_data/chn/esta.json,,,Real Estate Investment,Yearly change in real estate investment (%) | NBS through ECO API,https://raw.githubusercontent.com/EconomicsObservatory/api/main/cached_data/chn/{code}.json,https://raw.githubusercontent.com/EconomicsObservatory/api/main/cached_data/chn/esta.json,NBS,National Bureau of Statistics of China,,,date,value,1,,,,,1
China,chn,grow,https://api.economicsobservatory.com/chn/grow,https://raw.githubusercontent.com/EconomicsObservatory/api/main/cached_data/chn/grow.json,,,GDP Growth,Year-on-year change in GDP (%) | NBS through ECO API,https://raw.githubusercontent.com/EconomicsObservatory/api/main/cached_data/chn/{code}.json,https://raw.githubusercontent.com/EconomicsObservatory/api/main/cached_data/chn/grow.json,NBS,National Bureau of Statistics of China,,,date,value,1,,,,,1
China,chn,popu,https://api.economicsobservatory.com/chn/popu,https://raw.githubusercontent.com/EconomicsObservatory/api/main/cached_data/chn/popu.json,,,Population,Population (millions) | NBS through ECO API,https://raw.githubusercontent.com/EconomicsObservatory/api/main/cached_data/chn/{code}.json,https://raw.githubusercontent.com/EconomicsObservatory/api/main/cached_data/chn/popu.json,NBS,National Bureau of Statistics of China,,,date,value,1,,,,,1
China,chn,wage,https://api.economicsobservatory.com/chn/wage,https://raw.githubusercontent.com/EconomicsObservatory/api/main/cached_data/chn/wage.json,,,Average Wage,Average wage (CNY) | NBS through ECO API,https://raw.githubusercontent.com/EconomicsObservatory/api/main/cached_data/chn/{code}.json,https://raw.githubusercontent.com/EconomicsObservatory/api/main/cached_data/chn/wage.json,NBS,National Bureau of Statistics of China,,,date,value,1,,,,,1
Japan,jpn,infl,https://api.economicsobservatory.com/jpn/infl,https://raw.githubusercontent.com/EconomicsObservatory/api/main/cached_data/jpn/gdp.json,,,,Inflation,https://raw.githubusercontent.com/EconomicsObservatory/api/main/cached_data/jpn/{code}.json,https://raw.githubusercontent.com/EconomicsObservatory/api/main/cached_data/jpn/gdp.json,TEST,TEST,,,date,value,1,,,,,1
Ethiopia,eth,infl,https://api.economicsobservatory.com/eth/infl,https://raw.githubusercontent.com/EconomicsObservatory/api/main/cached_data/eth/gdp.json,,,,Inflation,https://raw.githubusercontent.com/EconomicsObservatory/api/main/cached_data/eth/{code}.json,https://raw.githubusercontent.com/EconomicsObservatory/api/main/cached_data/eth/gdp.json,TEST,TEST,,,date,value,1,,,,,1
Philippines,phl,infl,https://api.economicsobservatory.com/phl/infl,https://raw.githubusercontent.com/EconomicsObservatory/api/main/cached_data/phl/gdp.json,,,,Inflation,https://raw.githubusercontent.com/EconomicsObservatory/api/main/cached_data/phl/{code}.json,https://raw.githubusercontent.com/EconomicsObservatory/api/main/cached_data/phl/gdp.json,TEST,TEST,,,date,value,1,,,,,1
Egypt,egy,infl,https://api.economicsobservatory.com/egy/infl,https://raw.githubusercontent.com/EconomicsObservatory/api/main/cached_data/egy/gdp.json,,,,Inflation,https://raw.githubusercontent.com/EconomicsObservatory/api/main/cached_data/egy/{code}.json,https://raw.githubusercontent.com/EconomicsObservatory/api/main/cached_data/egy/gdp.json,TEST,TEST,,,date,value,1,,,,,1
Vietnam,vnm,infl,https://api.economicsobservatory.com/vnm/infl,https://raw.githubusercontent.com/EconomicsObservatory/api/main/cached_data/vnm/gdp.json,,,,Inflation,https://raw.githubusercontent.com/EconomicsObservatory/api/main/cached_data/vnm/{code}.json,https://raw.githubusercontent.com/EconomicsObservatory/api/main/cached_data/vnm/gdp.json,TEST,TEST,,,date,value,1,,,,,1
DR Congo,cod,infl,https://api.economicsobservatory.com/cod/infl,https://raw.githubusercontent.com/EconomicsObservatory/api/main/cached_data/cod/gdp.json,,,,Inflation,https://raw.githubusercontent.com/EconomicsObservatory/api/main/cached_data/cod/{code}.json,https://raw.githubusercontent.com/EconomicsObservatory/api/main/cached_data/cod/gdp.json,TEST,TEST,,,date,value,1,,,,,1
Turkiye,tur,infl,https://api.economicsobservatory.com/tur/infl,https://raw.githubusercontent.com/EconomicsObservatory/api/main/cached_data/tur/gdp.json,,,,Inflation,https://raw.githubusercontent.com/EconomicsObservatory/api/main/cached_data/tur/{code}.json,https://raw.githubusercontent.com/EconomicsObservatory/api/main/cached_data/tur/gdp.json,TEST,TEST,,,date,value,1,,,,,1
Iran,irn,infl,https://api.economicsobservatory.com/irn/infl,https://raw.githubusercontent.com/EconomicsObservatory/api/main/cached_data/irn/gdp.json,,,,Inflation,https://raw.githubusercontent.com/EconomicsObservatory/api/main/cached_data/irn/{code}.json,https://raw.githubusercontent.com/EconomicsObservatory/api/main/cached_data/irn/gdp.json,TEST,TEST,,,date,value,1,,,,,1
Germany,deu,infl,https://api.economicsobservatory.com/deu/infl,https://raw.githubusercontent.com/EconomicsObservatory/api/main/cached_data/deu/gdp.json,,,,Inflation,https://raw.githubusercontent.com/EconomicsObservatory/api/main/cached_data/deu/{code}.json,https://raw.githubusercontent.com/EconomicsObservatory/api/main/cached_data/deu/gdp.json,TEST,TEST,,,date,value,1,,,,,1
France,fra,infl,https://api.economicsobservatory.com/fra/infl,https://raw.githubusercontent.com/EconomicsObservatory/api/main/cached_data/fra/gdp.json,,,,Inflation,https://raw.githubusercontent.com/EconomicsObservatory/api/main/cached_data/fra/{code}.json,https://raw.githubusercontent.com/EconomicsObservatory/api/main/cached_data/fra/gdp.json,TEST,TEST,,,date,value,1,,,,,1
Thailand,tha,infl,https://api.economicsobservatory.com/tha/infl,https://raw.githubusercontent.com/EconomicsObservatory/api/main/cached_data/tha/gdp.json,,,,Inflation,https://raw.githubusercontent.com/EconomicsObservatory/api/main/cached_data/tha/{code}.json,https://raw.githubusercontent.com/EconomicsObservatory/api/main/cached_data/tha/gdp.json,TEST,TEST,,,date,value,1,,,,,1
Germany,deu,gdp,https://api.economicsobservatory.com/deu/gdp,https://raw.githubusercontent.com/EconomicsObservatory/api/main/cached_data/deu/gdp.json,6,81000,GDP,Seasonally adjusted Gross Domestic Product at current prices (EUR mn) | Destatis through ECO API,https://www-genesis.destatis.de/genesisWS/rest/2020//data/tablefile?username={username}&password={password}&name={dataset}-{series}&area=free&compress=false&transpose={str(transpose).lower()}&startyear=&endyear=&timeslices=100&regionalvariable=&regionalkey=&classifyingvariable1=&classifyingkey1=&classifyingvariable2=&classifyingkey2=&classifyingvariable3=&classifyingkey3=&job=false&stand=01.01.1970%2001:00&language=en&timeslices=100,https://raw.githubusercontent.com/EconomicsObservatory/api/main/cached_data/deu/gdp.json,Destatis,Federal Statistical Office of Germany,Seasonally adjusted Gross Domestic Product at current prices (EUR mn)�,1,"['Unnamed_1', 'Unnamed_2']",Gross domestic product,1,,,,,1
Germany,deu,infl,https://api.economicsobservatory.com/deu/infl,https://raw.githubusercontent.com/EconomicsObservatory/api/main/cached_data/deu/infl.json,2,61111,Inflation,Year-on-year CPI inflation (%) | Destatis through ECO API,https://www-genesis.destatis.de/genesisWS/rest/2020//data/tablefile?username={username}&password={password}&name={dataset}-{series}&area=free&compress=false&transpose={str(transpose).lower()}&startyear=&endyear=&timeslices=100&regionalvariable=&regionalkey=&classifyingvariable1=&classifyingkey1=&classifyingvariable2=&classifyingkey2=&classifyingvariable3=&classifyingkey3=&job=false&stand=01.01.1970%2001:00&language=en&timeslices=100,https://raw.githubusercontent.com/EconomicsObservatory/api/main/cached_data/deu/infl.json,Destatis,Federal Statistical Office of Germany,Year-on-year CPI inflation (%)�,1,"['Unnamed_0', 'Unnamed_1']",Change on previous year's month,1,,,,,1
Germany,deu,debt,https://api.economicsobservatory.com/deu/debt,https://raw.githubusercontent.com/EconomicsObservatory/api/main/cached_data/deu/debt.json,1,71311,Debt,Total debt to the non-public sector (EUR mn) | Destatis through ECO API,https://www-genesis.destatis.de/genesisWS/rest/2020//data/tablefile?username={username}&password={password}&name={dataset}-{series}&area=free&compress=false&transpose={str(transpose).lower()}&startyear=&endyear=&timeslices=100&regionalvariable=&regionalkey=&classifyingvariable1=&classifyingkey1=&classifyingvariable2=&classifyingkey2=&classifyingvariable3=&classifyingkey3=&job=false&stand=01.01.1970%2001:00&language=en&timeslices=100,https://raw.githubusercontent.com/EconomicsObservatory/api/main/cached_data/deu/debt.json,Destatis,Federal Statistical Office of Germany,Total debt to the non-public sector (EUR mn)�,1,['Germany'],Unnamed_60,1,,,,,1
Germany,deu,popu,https://api.economicsobservatory.com/deu/popu,https://raw.githubusercontent.com/EconomicsObservatory/api/main/cached_data/deu/popu.json,11,81000,Population,Population (mn) | Destatis through ECO API,https://www-genesis.destatis.de/genesisWS/rest/2020//data/tablefile?username={username}&password={password}&name={dataset}-{series}&area=free&compress=false&transpose={str(transpose).lower()}&startyear=&endyear=&timeslices=100&regionalvariable=&regionalkey=&classifyingvariable1=&classifyingkey1=&classifyingvariable2=&classifyingkey2=&classifyingvariable3=&classifyingkey3=&job=false&stand=01.01.1970%2001:00&language=en&timeslices=100,https://raw.githubusercontent.com/EconomicsObservatory/api/main/cached_data/deu/popu.json,Destatis,Federal Statistical Office of Germany,Population (mn)�,,,1,1,,,,,1
Germany,deu,unem,https://api.economicsobservatory.com/deu/unem,https://raw.githubusercontent.com/EconomicsObservatory/api/main/cached_data/deu/unem.json,11,81000,Unemployment,Unemployment rate (%) | Destatis through ECO API,https://www-genesis.destatis.de/genesisWS/rest/2020//data/tablefile?username={username}&password={password}&name={dataset}-{series}&area=free&compress=false&transpose={str(transpose).lower()}&startyear=&endyear=&timeslices=100&regionalvariable=&regionalkey=&classifyingvariable1=&classifyingkey1=&classifyingvariable2=&classifyingkey2=&classifyingvariable3=&classifyingkey3=&job=false&stand=01.01.1970%2001:00&language=en&timeslices=100,https://raw.githubusercontent.com/EconomicsObservatory/api/main/cached_data/deu/unem.json,Destatis,Federal Statistical Office of Germany,Unemployment rate (%)�,,1,['Unnamed_0'],1,,,,,1
Germany,deu,part,https://api.economicsobservatory.com/deu/part,https://raw.githubusercontent.com/EconomicsObservatory/api/main/cached_data/deu/part.json,11,81000,Participation Rate,Labour Participation rate (%) | Destatis through ECO API,https://www-genesis.destatis.de/genesisWS/rest/2020//data/tablefile?username={username}&password={password}&name={dataset}-{series}&area=free&compress=false&transpose={str(transpose).lower()}&startyear=&endyear=&timeslices=100&regionalvariable=&regionalkey=&classifyingvariable1=&classifyingkey1=&classifyingvariable2=&classifyingkey2=&classifyingvariable3=&classifyingkey3=&job=false&stand=01.01.1970%2001:00&language=en&timeslices=100,https://raw.githubusercontent.com/EconomicsObservatory/api/main/cached_data/deu/part.json,Destatis,Federal Statistical Office of Germany,Labour Participation rate (%)�,,1,['Unnamed_0'],1,,,,,1
Germany,deu,expo,https://api.economicsobservatory.com/deu/expo,https://raw.githubusercontent.com/EconomicsObservatory/api/main/cached_data/deu/expo.json,28,81000,Exports,"Exports (bn EUR), price and season adjusted | Destatis through ECO API",https://www-genesis.destatis.de/genesisWS/rest/2020//data/tablefile?username={username}&password={password}&name={dataset}-{series}&area=free&compress=false&transpose={str(transpose).lower()}&startyear=&endyear=&timeslices=100&regionalvariable=&regionalkey=&classifyingvariable1=&classifyingkey1=&classifyingvariable2=&classifyingkey2=&classifyingvariable3=&classifyingkey3=&job=false&stand=01.01.1970%2001:00&language=en&timeslices=100,https://raw.githubusercontent.com/EconomicsObservatory/api/main/cached_data/deu/expo.json,Destatis,Federal Statistical Office of Germany,"Exports (bn EUR), price and season adjusted�",1,"['Unnamed_2', 'Unnamed_3']",Unnamed_4,1,,,,,1
Germany,deu,impo,https://api.economicsobservatory.com/deu/impo,https://raw.githubusercontent.com/EconomicsObservatory/api/main/cached_data/deu/impo.json,28,81000,Imports,"Imports (bn EUR), price and season adjusted | Destatis through ECO API",https://www-genesis.destatis.de/genesisWS/rest/2020//data/tablefile?username={username}&password={password}&name={dataset}-{series}&area=free&compress=false&transpose={str(transpose).lower()}&startyear=&endyear=&timeslices=100&regionalvariable=&regionalkey=&classifyingvariable1=&classifyingkey1=&classifyingvariable2=&classifyingkey2=&classifyingvariable3=&classifyingkey3=&job=false&stand=01.01.1970%2001:00&language=en&timeslices=100,https://raw.githubusercontent.com/EconomicsObservatory/api/main/cached_data/deu/impo.json,Destatis,Federal Statistical Office of Germany,"Imports (bn EUR), price and season adjusted�",1,"['Unnamed_2', 'Unnamed_3']",Unnamed_7,1,,,,,1